eyelib-datalog,2016-10-10T16:31:12
time_sync_ms,timestamp,time_ms,tracking.bits,tracking.gaze,tracking.eyes,tracking.user,tracking.fail,tracking.lost,fixation,raw_px.x,raw_px.y,avg_px.x,avg_px.y,pupil_left.center.x,pupil_left.center.y,pupil_left.size,pupil_right.center.x,pupil_right.center.y,pupil_right.size
28664034,2016-10-10 16:31:12.629,810206453,0x07,true,true,true,false,false,false,932.096,407.742,932.096,407.742,0.4325,0.479,20.0819,0.5625,0.4698,18.8091
28664065,2016-10-10 16:31:12.662,810206486,0x07,true,true,true,false,false,false,980.638,551.437,980.638,551.437,0.4345,0.4783,21.144,0.5638,0.47,22.2605
28664097,2016-10-10 16:31:12.696,810206520,0x07,true,true,true,false,false,false,998.537,578.441,985.124,558.205,0.4363,0.4774,21.3573,0.5654,0.4694,22.5264
28664143,2016-10-10 16:31:12.729,810206553,0x07,true,true,true,false,false,false,944.878,555.26,961.945,564.253,0.4376,0.4765,21.0629,0.5668,0.4683,22.4909
28664175,2016-10-10 16:31:12.763,810206587,0x07,true,true,true,false,false,false,1003.04,545.762,967.398,562.883,0.4392,0.4763,19.8716,0.568,0.4681,22.7271
28664206,2016-10-10 16:31:12.796,810206620,0x07,true,true,true,false,false,false,1021.08,505.277,961.739,564.68,0.4403,0.4759,19.0409,0.5689,0.4682,22.368
28664237,2016-10-10 16:31:12.829,810206653,0x07,true,true,true,false,false,true,1004.92,553.09,977.906,555.883,0.441,0.476,19.8992,0.5696,0.4681,22.8233
28664268,2016-10-10 16:31:12.863,810206687,0x07,true,true,true,false,false,true,992.132,583.713,980.901,557.893,0.4414,0.4755,21.0693,0.5699,0.4676,23.4696
28664299,2016-10-10 16:31:12.896,810206720,0x07,true,true,true,false,false,true,997.495,490.194,984.86,553.9,0.4416,0.4741,19.8961,0.57,0.4664,23.2536
28664331,2016-10-10 16:31:12.929,810206753,0x07,true,true,true,false,false,true,1001.38,571.054,987.331,551.456,0.4416,0.4734,20.5869,0.5698,0.4659,23.0169
28664362,2016-10-10 16:31:12.963,810206787,0x07,true,true,true,false,false,true,1033.35,576.704,990.915,550.18,0.4414,0.4728,20.3309,0.5695,0.4659,23.5134
28664409,2016-10-10 16:31:12.996,810206820,0x07,true,true,true,false,false,true,1224.63,426.518,993.39,547.774,0.4424,0.4717,20.1542,0.5704,0.465,23.8615
28664440,2016-10-10 16:31:13.029,810206853,0x07,true,true,true,false,false,false,1139.2,443.145,1261.04,384.616,0.4421,0.4717,19.6072,0.5695,0.4655,22.9836
28664471,2016-10-10 16:31:13.062,810206886,0x07,true,true,true,false,false,false,1117.15,489.703,1099.39,485.058,0.4416,0.4726,20.6929,0.5691,0.4659,23.637
28664502,2016-10-10 16:31:13.096,810206920,0x07,true,true,true,false,false,false,1141.22,490.246,1130.76,475.11,0.4413,0.4731,21.2978,0.5687,0.4664,22.4253
28664533,2016-10-10 16:31:13.129,810206953,0x07,true,true,true,false,false,false,1162.86,463.199,1142.47,470.909,0.4412,0.4736,20.4539,0.5686,0.4665,22.4356
28664565,2016-10-10 16:31:13.162,810206986,0x07,true,true,true,false,false,false,1127.4,428.249,1142.06,469.3,0.4409,0.4741,21.654,0.5685,0.4666,22.3955
28664596,2016-10-10 16:31:13.196,810207020,0x07,true,true,true,false,false,false,1006.69,437.044,1123.9,474.27,0.4404,0.4746,21.333,0.5679,0.4666,22.5474
28664643,2016-10-10 16:31:13.229,810207053,0x07,true,true,true,false,false,true,1085.63,535.515,1121.77,476.326,0.441,0.4748,21.5478,0.5682,0.4669,21.9655
28664674,2016-10-10 16:31:13.262,810207086,0x07,true,true,true,false,false,true,1075.2,549.132,1115.29,482.258,0.4414,0.475,21.7264,0.5687,0.4665,22.6125
28664705,2016-10-10 16:31:13.295,810207119,0x07,true,true,true,false,false,true,1060.71,469.752,1114.51,487.119,0.442,0.4749,20.7188,0.5693,0.466,21.6144
28664737,2016-10-10 16:31:13.329,810207153,0x07,true,true,true,false,false,true,1044.78,520.107,1116.68,490.128,0.4426,0.4744,21.3673,0.5698,0.4667,22.1495
28664767,2016-10-10 16:31:13.362,810207186,0x07,true,true,true,false,false,true,1090.04,462.147,1112.36,487.214,0.4432,0.4742,21.5055,0.5707,0.4662,21.4357
28664799,2016-10-10 16:31:13.395,810207219,0x07,true,true,true,false,false,true,1078.43,498.714,1109,486.202,0.4434,0.4741,21.3097,0.5711,0.4667,22.1025
28664830,2016-10-10 16:31:13.429,810207253,0x07,true,true,true,false,false,true,1006.17,492.538,1101.81,484.447,0.4435,0.4741,19.9149,0.571,0.4671,21.6648
28664861,2016-10-10 16:31:13.462,810207286,0x07,true,true,true,false,false,true,968.45,416.505,1094.08,481.818,0.4432,0.4743,19.5595,0.5708,0.467,20.9393
28664908,2016-10-10 16:31:13.495,810207319,0x07,true,true,true,false,false,true,1089.56,492.292,1091.89,481.997,0.4428,0.4747,19.9325,0.5704,0.4676,21.7579
28664939,2016-10-10 16:31:13.529,810207353,0x07,true,true,true,false,false,true,1142.55,478.612,1094.56,483.346,0.4425,0.4749,19.8007,0.5701,0.4678,21.5867
28664970,2016-10-10 16:31:13.562,810207386,0x07,true,true,true,false,false,true,1185.92,487.802,1097.51,484.462,0.4425,0.4751,19.7364,0.5701,0.4678,21.716
28665001,2016-10-10 16:31:13.595,810207419,0x07,true,true,true,false,false,true,1118.53,377.251,1100.11,484.541,0.4424,0.4746,19.0855,0.57,0.468,21.6356
28665033,2016-10-10 16:31:13.629,810207453,0x07,true,true,true,false,false,true,1101.73,335.902,1094.1,482.985,0.4428,0.474,18.9524,0.5701,0.4675,21.5435
28665064,2016-10-10 16:31:13.662,810207486,0x07,true,true,true,false,false,true,1025.73,442.909,1092.06,481.211,0.4427,0.4749,19.7447,0.5703,0.4674,21.2153
28665095,2016-10-10 16:31:13.695,810207519,0x07,true,true,true,false,false,true,1076.68,414.509,1089.99,478.404,0.4432,0.4747,18.4125,0.5704,0.4675,21.2527
28665142,2016-10-10 16:31:13.728,810207552,0x07,true,true,true,false,false,true,1061.89,460.69,1094.05,473.528,0.4432,0.4747,18.7219,0.5705,0.4679,22.0651
28665173,2016-10-10 16:31:13.764,810207588,0x07,true,true,true,false,false,true,1051.9,442.4,1091.6,471.121,0.4431,0.4749,19.1267,0.5709,0.4677,21.2738
28665204,2016-10-10 16:31:13.795,810207619,0x07,true,true,true,false,false,true,1102.02,526.441,1085.15,470.445,0.4434,0.4757,20.1187,0.5708,0.4678,20.8303
28665235,2016-10-10 16:31:13.828,810207652,0x07,true,true,true,false,false,true,1066.33,483.746,1079.39,470.301,0.4427,0.4752,19.2912,0.5707,0.4681,21.7249
28665267,2016-10-10 16:31:13.862,810207686,0x07,true,true,true,false,false,true,1083.84,373.658,1079.24,463.42,0.4428,0.4745,18.4206,0.5703,0.4678,20.9878
28665298,2016-10-10 16:31:13.895,810207719,0x07,true,true,true,false,false,true,1137.29,573.463,1085.13,459.496,0.4426,0.4758,20.1157,0.57,0.4682,21.7621
28665329,2016-10-10 16:31:13.928,810207752,0x07,true,true,true,false,false,true,1086.83,437.748,1085.75,457.953,0.4422,0.4753,18.855,0.5696,0.4678,21.0721
28665376,2016-10-10 16:31:13.962,810207786,0x07,true,true,true,false,false,true,1074.18,385.658,1085,456.274,0.4419,0.4752,18.8886,0.5695,0.4677,21.0594
28665407,2016-10-10 16:31:13.995,810207819,0x07,true,true,true,false,false,true,1097.74,449.147,1085.68,453.962,0.4415,0.4753,19.2831,0.5693,0.4682,22.1476
28665438,2016-10-10 16:31:14.028,810207852,0x07,true,true,true,false,false,true,1085.71,474.975,1081.38,454.537,0.4415,0.4756,19.4863,0.5689,0.468,22.1938
28665469,2016-10-10 16:31:14.062,810207886,0x07,true,true,true,false,false,true,1079.02,474.799,1081.74,454.914,0.4413,0.4756,19.9602,0.5688,0.4677,21.7722
28665501,2016-10-10 16:31:14.095,810207919,0x07,true,true,true,false,false,true,1105.77,470.247,1081.83,454.787,0.4412,0.4754,20.0183,0.5689,0.4677,22.0005
28665532,2016-10-10 16:31:14.128,810207952,0x07,true,true,true,false,false,true,1032.33,479.978,1076.75,455.779,0.4411,0.4755,19.345,0.5687,0.4679,21.9366
28665563,2016-10-10 16:31:14.162,810207986,0x07,true,true,true,false,false,true,1011.26,446.545,1075.99,455.523,0.4412,0.4758,20.1011,0.5688,0.4676,21.9223
28665610,2016-10-10 16:31:14.195,810208019,0x07,true,true,true,false,false,true,1084.88,462.292,1074.85,456.096,0.4414,0.4758,20.263,0.5691,0.4683,22.3369
28665641,2016-10-10 16:31:14.228,810208052,0x07,true,true,true,false,false,true,1071.95,472.246,1074.41,456.303,0.4414,0.4761,20.1019,0.5691,0.4683,22.3459
28665672,2016-10-10 16:31:14.261,810208085,0x07,true,true,true,false,false,true,1072.67,467.596,1073.98,456.975,0.4415,0.4762,20.1553,0.5691,0.4682,22.8739
28665703,2016-10-10 16:31:14.295,810208119,0x07,true,true,true,false,false,true,1087.76,519.871,1073.57,458.229,0.4417,0.4762,20.2423,0.5691,0.4683,23.2067
28665735,2016-10-10 16:31:14.328,810208152,0x07,true,true,true,false,false,true,1141.99,443.709,1074.5,458.431,0.4417,0.4759,20.3094,0.5695,0.4679,22.8318
28665766,2016-10-10 16:31:14.361,810208185,0x07,true,true,true,false,false,true,1080.1,497.243,1074.53,458.652,0.4415,0.4759,19.9795,0.5693,0.4682,22.5212
28665797,2016-10-10 16:31:14.395,810208219,0x07,true,true,true,false,false,true,1078.51,481.584,1073.58,459.381,0.4417,0.4759,20.6336,0.5692,0.4681,22.3198
28665828,2016-10-10 16:31:14.428,810208252,0x07,true,true,true,false,false,true,1076.94,484.083,1073.22,460.163,0.4415,0.4759,19.9711,0.5693,0.4683,22.6244
28665875,2016-10-10 16:31:14.461,810208285,0x07,true,true,true,false,false,true,1080.69,431.731,1075.19,460.859,0.4415,0.476,19.6647,0.5692,0.468,22.2801
28665906,2016-10-10 16:31:14.495,810208319,0x07,true,true,true,false,false,true,1107.02,507.733,1074.93,462.312,0.4414,0.4764,21.1893,0.5692,0.4684,22.5959
28665937,2016-10-10 16:31:14.528,810208352,0x07,true,true,true,false,false,true,1086.7,474.077,1075.77,463.606,0.4412,0.4763,20.3427,0.5692,0.4684,22.3197
28665969,2016-10-10 16:31:14.561,810208385,0x07,true,true,true,false,false,true,1109.51,500.578,1075.62,465.287,0.4412,0.4762,20.3791,0.569,0.4688,22.6803
28666000,2016-10-10 16:31:14.594,810208418,0x07,true,true,true,false,false,true,1086.2,500.579,1072.24,467.987,0.4412,0.4766,20.715,0.5688,0.4682,21.8891
28666031,2016-10-10 16:31:14.628,810208452,0x07,true,true,true,false,false,true,1097.22,486.438,1072.9,469.336,0.4411,0.4765,20.4417,0.5688,0.4683,22.5133
28666062,2016-10-10 16:31:14.661,810208485,0x07,true,true,true,false,false,true,1137.71,526.881,1078.98,469.169,0.4411,0.4765,20.517,0.569,0.4686,22.4632
28666109,2016-10-10 16:31:14.694,810208518,0x07,true,true,true,false,false,true,1141.97,501.593,1080.04,471.591,0.4412,0.4765,19.6082,0.5691,0.4685,22.2042
28666140,2016-10-10 16:31:14.728,810208552,0x07,true,true,true,false,false,true,1102.99,479.802,1079.73,473.203,0.4412,0.4763,20.1766,0.5691,0.4686,23.2012
28666171,2016-10-10 16:31:14.761,810208585,0x07,true,true,true,false,false,true,1108.76,457.057,1079.66,474.541,0.4414,0.4765,20.3647,0.5691,0.4686,22.8086
28666203,2016-10-10 16:31:14.794,810208618,0x07,true,true,true,false,false,true,1098.75,531.311,1080.1,476.051,0.4415,0.4768,20.3858,0.5691,0.4688,23.0411
28666234,2016-10-10 16:31:14.828,810208652,0x07,true,true,true,false,false,true,1078.35,480.999,1081.36,477.251,0.4416,0.4764,20.2144,0.5691,0.4689,22.7269
28666265,2016-10-10 16:31:14.861,810208685,0x07,true,true,true,false,false,true,1084.47,440.178,1078.93,479.534,0.4416,0.4762,19.5576,0.5693,0.4686,22.8763
28666296,2016-10-10 16:31:14.894,810208718,0x07,true,true,true,false,false,true,1123.03,453.302,1080.75,479.635,0.4417,0.4764,19.8784,0.5697,0.4685,22.7748
28666327,2016-10-10 16:31:14.928,810208752,0x07,true,true,true,false,false,true,1132.45,467.219,1081.87,480.132,0.4419,0.476,20.0727,0.5698,0.4687,23.2973
28666374,2016-10-10 16:31:14.961,810208785,0x07,true,true,true,false,false,true,1118.26,416.408,1084.66,479.873,0.4418,0.4762,20.3107,0.5699,0.4685,22.7654
28666405,2016-10-10 16:31:14.994,810208818,0x07,true,true,true,false,false,true,1208.94,429.009,1082.91,481.686,0.4425,0.4761,19.893,0.5703,0.4685,22.596
28666437,2016-10-10 16:31:15.027,810208851,0x07,true,true,true,false,false,true,1151.5,489.261,1086.62,480.936,0.4421,0.4765,19.9345,0.57,0.4687,22.7364
28666468,2016-10-10 16:31:15.061,810208885,0x07,true,true,true,false,false,true,1191.31,478.708,1093.21,478.535,0.442,0.4764,19.9984,0.5698,0.4689,23.1693
28666499,2016-10-10 16:31:15.094,810208918,0x07,true,true,true,false,false,true,1184.89,447.766,1096.12,478.232,0.442,0.4768,20.2925,0.5698,0.4682,22.8908
28666530,2016-10-10 16:31:15.127,810208951,0x07,true,true,true,false,false,true,1226.61,488.668,1094.8,480.061,0.4422,0.4767,20.7806,0.5698,0.4687,23.0937
28666561,2016-10-10 16:31:15.161,810208985,0x07,true,true,true,false,false,true,1204.57,539.487,1093.19,482.267,0.4422,0.4767,20.6701,0.5698,0.4688,23.1782
28666608,2016-10-10 16:31:15.194,810209018,0x07,true,true,true,false,false,true,1231.58,416.156,1092.09,484.316,0.4423,0.476,19.4831,0.5701,0.4685,23.046
28666639,2016-10-10 16:31:15.227,810209051,0x07,true,true,true,false,false,true,1284.34,539.872,1100.35,481.617,0.4423,0.4768,20.315,0.5705,0.469,25.2907
28666671,2016-10-10 16:31:15.261,810209085,0x07,true,true,true,false,false,true,1172.09,478.336,1104.05,481.944,0.4425,0.4766,20.5125,0.5702,0.4683,23.4241
28666702,2016-10-10 16:31:15.294,810209118,0x07,true,true,true,false,false,true,1141.46,461.859,1105.65,482.685,0.4429,0.4756,20.9702,0.5707,0.4675,23.1076
28666733,2016-10-10 16:31:15.327,810209151,0x07,true,true,true,false,false,true,1137.29,492.065,1107.83,483.265,0.4432,0.4748,20.5926,0.5709,0.467,24.1222
28666764,2016-10-10 16:31:15.360,810209184,0x07,true,true,true,false,false,true,1181.51,465.234,1110.54,483.503,0.4429,0.4741,20.9217,0.571,0.4661,24.2708
28666795,2016-10-10 16:31:15.394,810209218,0x07,true,true,true,false,false,true,1111.45,446.226,1112.79,483.239,0.4426,0.4734,20.4905,0.5701,0.4656,23.4924
28666827,2016-10-10 16:31:15.427,810209251,0x07,true,true,true,false,false,true,1130.18,509.547,1115.83,482.966,0.441,0.474,22.2547,0.5688,0.4658,23.5927
28666873,2016-10-10 16:31:15.460,810209284,0x07,true,true,true,false,false,true,1154.27,508.924,1118.17,483.147,0.4391,0.4747,22.7569,0.5673,0.4661,22.9705
28666905,2016-10-10 16:31:15.494,810209318,0x07,true,true,true,false,false,true,1052.78,521.929,1118.59,483.889,0.4377,0.4763,22.021,0.5655,0.4666,23.3636
28666936,2016-10-10 16:31:15.527,810209351,0x07,true,true,true,false,false,true,1156.81,486.673,1120,484.319,0.4369,0.477,21.6819,0.565,0.4669,22.4394
28666967,2016-10-10 16:31:15.560,810209384,0x07,true,true,true,false,false,true,1097.84,562.236,1121.14,485.207,0.4366,0.4766,21.0105,0.5644,0.4669,23.1497
28666998,2016-10-10 16:31:15.593,810209417,0x07,true,true,true,false,false,true,1189.36,470.948,1125.17,484.399,0.4366,0.4764,20.721,0.5644,0.4666,22.8397
28667029,2016-10-10 16:31:15.626,810209450,0x07,true,true,true,false,false,true,969.745,476.472,1129.67,483.889,0.4356,0.4765,21.0973,0.5634,0.4663,22.532
28667061,2016-10-10 16:31:15.660,810209484,0x07,true,true,true,false,false,true,1026.32,507.385,1124.4,485.316,0.436,0.4771,21.2357,0.5641,0.466,22.3898
28667092,2016-10-10 16:31:15.693,810209517,0x07,true,true,true,false,false,true,1012.56,537.745,1119.62,487.283,0.4364,0.4768,20.2623,0.564,0.467,22.4225
28667139,2016-10-10 16:31:15.727,810209551,0x07,true,true,true,false,false,true,1012.2,553.998,1112.99,490.46,0.4363,0.4778,21.4293,0.5641,0.4672,22.6956
28667170,2016-10-10 16:31:15.760,810209584,0x07,true,true,true,false,false,true,1016.26,480.922,1105.9,493.144,0.4357,0.4781,21.2279,0.5636,0.4677,24.7632
28667201,2016-10-10 16:31:15.793,810209617,0x07,true,true,true,false,false,false,310.049,595.595,951.671,575.229,0.4307,0.4798,35.866,0.5628,0.4678,25.2556
28667232,2016-10-10 16:31:15.827,810209651,0x07,true,true,true,false,false,false,951.811,578.197,951.713,576.023,0,0,0,0.5621,0.467,24.9699
28667263,2016-10-10 16:31:15.860,810209684,0x07,true,true,true,false,false,false,1003.16,636.142,955.522,580.59,0,0,0,0.5622,0.4668,24.6676
28667295,2016-10-10 16:31:15.893,810209717,0x07,true,true,true,false,false,false,945.118,564.442,956.218,581.328,0,0,0,0.5626,0.4665,24.8093
28667341,2016-10-10 16:31:15.927,810209751,0x07,true,true,true,false,false,false,993.147,571.966,957.641,581.442,0,0,0,0.5638,0.4666,24.5812
28667373,2016-10-10 16:31:15.960,810209784,0x07,true,true,true,false,false,false,981.963,655.306,958.973,583.154,0,0,0,0.5649,0.4669,25.1033
28667404,2016-10-10 16:31:15.993,810209817,0x07,true,true,true,false,false,true,882.26,650.96,958.521,585.402,0,0,0,0.5655,0.4675,24.3918
28667435,2016-10-10 16:31:16.027,810209851,0x07,true,true,true,false,false,true,889.367,676.169,957.276,588.192,0,0,0,0.5659,0.4677,24.2891
28667466,2016-10-10 16:31:16.060,810209884,0x04,false,false,true,false,false,false,0,0,0,0,0,0,0,0.5664,0.4675,24.9773
28667513,2016-10-10 16:31:16.093,810209917,0x07,true,true,true,false,false,true,909.461,641.257,961.778,588.351,0,0,0,0.5673,0.4675,25.2061
28667544,2016-10-10 16:31:16.127,810209951,0x07,true,true,true,false,false,true,948.972,645.083,960.338,595.084,0,0,0,0.5677,0.4677,25.2347
28667575,2016-10-10 16:31:16.160,810209984,0x07,true,true,true,false,false,true,888.605,560.033,955.907,596.056,0,0,0,0.5675,0.4677,24.9483
28667606,2016-10-10 16:31:16.193,810210017,0x07,true,true,true,false,false,true,942.331,666.725,952.943,598.99,0,0,0,0.5675,0.4682,25.0632
28667638,2016-10-10 16:31:16.226,810210050,0x07,true,true,true,false,false,true,970.93,630.2,951.421,601.659,0,0,0,0.5674,0.4683,24.8213
28667669,2016-10-10 16:31:16.260,810210084,0x07,true,true,true,false,false,true,891.736,600.509,949.285,603.551,0,0,0,0.5673,0.4685,25.1202
28667700,2016-10-10 16:31:16.293,810210117,0x07,true,true,true,false,false,true,908.175,646.377,947.103,605.582,0,0,0,0.5675,0.4689,24.7465
28667747,2016-10-10 16:31:16.326,810210150,0x07,true,true,true,false,false,true,979.469,632.955,945.768,607.492,0,0,0,0.5679,0.4689,25.2687
28667778,2016-10-10 16:31:16.360,810210184,0x07,true,true,true,false,false,true,919.655,682.773,944.437,609.771,0,0,0,0.568,0.469,25.9259
28667809,2016-10-10 16:31:16.393,810210217,0x07,true,true,true,false,false,true,905.255,606.734,943.008,611.632,0,0,0,0.5685,0.4686,24.7792
28667840,2016-10-10 16:31:16.426,810210250,0x07,true,true,true,false,false,true,884.774,599.683,941.37,613.109,0,0,0,0.5688,0.4685,25.329
28667872,2016-10-10 16:31:16.460,810210284,0x07,true,true,true,false,false,true,933.727,634.319,939.916,614.508,0,0,0,0.569,0.4684,25.4011
28667903,2016-10-10 16:31:16.493,810210317,0x07,true,true,true,false,false,true,967.061,629.746,938.822,615.806,0,0,0,0.569,0.4684,25.9249
28667950,2016-10-10 16:31:16.526,810210350,0x07,true,true,true,false,false,true,894.636,703.043,937.625,617.419,0,0,0,0.5685,0.4688,25.3824
28667981,2016-10-10 16:31:16.559,810210383,0x07,true,true,true,false,false,true,921.264,606.727,936.488,618.788,0,0,0,0.5683,0.4686,25.4627
28668012,2016-10-10 16:31:16.593,810210417,0x07,true,true,true,false,false,true,910.126,679.361,935.355,620.292,0,0,0,0.568,0.469,26.0755
28668043,2016-10-10 16:31:16.626,810210450,0x07,true,true,true,false,false,true,945.755,677.945,934.392,621.899,0,0,0,0.5678,0.4691,26.5218
28668074,2016-10-10 16:31:16.659,810210483,0x07,true,true,true,false,false,true,916.192,611.082,933.458,623.302,0,0,0,0.5677,0.4688,25.5202
28668121,2016-10-10 16:31:16.693,810210517,0x07,true,true,true,false,false,false,936.067,619.365,925.335,636.843,0,0,0,0.5678,0.4687,24.9965
28668137,2016-10-10 16:31:16.726,810210550,0x07,true,true,true,false,false,false,914.618,625.534,924.588,636.219,0,0,0,0.5677,0.4687,25.8031
28668184,2016-10-10 16:31:16.759,810210583,0x07,true,true,true,false,false,false,1247.86,282.909,964.888,604.602,0,0,0,0.5691,0.4675,30.5221
28668199,2016-10-10 16:31:16.793,810210617,0x07,true,true,true,false,false,false,1245.11,622.404,1058.76,610.508,0,0,0,0.569,0.4688,28.9255
28668246,2016-10-10 16:31:16.826,810210650,0x07,true,true,true,false,false,false,1164.64,741.937,1096.01,628.586,0,0,0,0.5686,0.4693,29.3031
28668277,2016-10-10 16:31:16.859,810210683,0x07,true,true,true,false,false,false,967.319,590.182,1102.49,633.341,0,0,0,0.5679,0.4687,28.1892
28668308,2016-10-10 16:31:16.893,810210717,0x07,true,true,true,false,false,false,1033.08,589.731,1101.65,635.9,0,0,0,0.5682,0.4688,27.2124
28668340,2016-10-10 16:31:16.926,810210750,0x07,true,true,true,false,false,false,1148.09,587.838,1110.66,626.012,0,0,0,0.5687,0.4691,28.2415
28668386,2016-10-10 16:31:16.959,810210783,0x07,true,true,true,false,false,false,1111.42,647.992,1101.7,592.2,0,0,0,0.5686,0.4694,28.5569
28668418,2016-10-10 16:31:16.993,810210817,0x07,true,true,true,false,false,false,935.455,672.694,1046.03,619.088,0,0,0,0.5682,0.4696,27.3129
28668433,2016-10-10 16:31:17.026,810210850,0x07,true,true,true,false,false,false,963.384,598.175,1021.45,623.259,0,0,0,0.5685,0.4693,27.5091
28668480,2016-10-10 16:31:17.059,810210883,0x07,true,true,true,false,false,false,938.913,660.599,1005.79,627.496,0,0,0,0.5685,0.4696,27.4074
28668511,2016-10-10 16:31:17.092,810210916,0x07,true,true,true,false,false,true,975.04,694.572,996.435,632.549,0,0,0,0.5687,0.4698,27.4389
28668542,2016-10-10 16:31:17.126,810210950,0x07,true,true,true,false,false,true,1300.19,751.846,1000.04,639.093,0,0,0,0.5697,0.4701,30.4382
28668574,2016-10-10 16:31:17.159,810210983,0x07,true,true,true,false,false,true,1115.31,675.295,1002.92,634.322,0,0,0,0.5692,0.4696,27.9994
28668605,2016-10-10 16:31:17.192,810211016,0x07,true,true,true,false,false,true,1164.13,584.497,1021.65,628.564,0,0,0,0.5695,0.4692,28.8863
28668652,2016-10-10 16:31:17.226,810211050,0x07,true,true,true,false,false,true,940.284,612.044,1025.05,625.297,0,0,0,0.5689,0.4692,27.8498
28668683,2016-10-10 16:31:17.259,810211083,0x07,true,true,true,false,false,true,892.201,681.365,1022.6,625.295,0,0,0,0.5686,0.4695,26.8154
28668714,2016-10-10 16:31:17.292,810211116,0x07,true,true,true,false,false,true,925.82,669.358,1018.77,626.313,0,0,0,0.5688,0.4695,27.0386
28668745,2016-10-10 16:31:17.326,810211150,0x07,true,true,true,false,false,true,1011.77,754.742,1015.94,629.295,0,0,0,0.5696,0.4693,26.3058
28668776,2016-10-10 16:31:17.359,810211183,0x07,true,true,true,false,false,true,1110.89,1324.19,1015.17,627.259,0,0,0,0.5708,0.471,21.6536
28668854,2016-10-10 16:31:17.392,810211216,0x04,false,false,true,false,false,false,0,0,0,0,0,0,0,0,0,0
28668854,2016-10-10 16:31:17.426,810211250,0x04,false,false,true,false,false,false,0,0,0,0,0,0,0,0,0,0
28668870,2016-10-10 16:31:17.458,810211282,0x04,false,false,true,false,false,false,0,0,0,0,0,0,0,0,0,0
28668901,2016-10-10 16:31:17.492,810211316,0x04,false,false,true,false,false,false,0,0,0,0,0,0,0,0,0,0
28668932,2016-10-10 16:31:17.525,810211349,0x08,false,false,false,true,false,false,0,0,0,0,0,0,0,0,0,0
28668964,2016-10-10 16:31:17.559,810211383,0x08,false,false,false,true,false,false,0,0,0,0,0,0,0,0,0,0
28668995,2016-10-10 16:31:17.592,810211416,0x08,false,false,false,true,false,false,0,0,0,0,0,0,0,0,0,0
28669026,2016-10-10 16:31:17.625,810211449,0x08,false,false,false,true,false,false,0,0,0,0,0,0,0,0,0,0
28669073,2016-10-10 16:31:17.659,810211483,0x08,false,false,false,true,false,false,0,0,0,0,0,0,0,0,0,0
28669104,2016-10-10 16:31:17.692,810211516,0x08,false,false,false,true,false,false,0,0,0,0,0,0,0,0,0,0
28669182,2016-10-10 16:31:17.725,810211549,0x08,false,false,false,true,false,false,0,0,0,0,0,0,0,0,0,0
28669182,2016-10-10 16:31:17.759,810211583,0x08,false,false,false,true,false,false,0,0,0,0,0,0,0,0,0,0
28669198,2016-10-10 16:31:17.791,810211615,0x08,false,false,false,true,false,false,0,0,0,0,0,0,0,0,0,0
28669229,2016-10-10 16:31:17.825,810211649,0x08,false,false,false,true,false,false,0,0,0,0,0,0,0,0,0,0
28669291,2016-10-10 16:31:17.858,810211682,0x07,true,true,true,false,false,false,0,0,0,0,0,0,0,0.5492,0.4474,54.0514
28669291,2016-10-10 16:31:17.891,810211715,0x04,false,false,true,false,false,false,0,0,0,0,0,0,0,0,0,0
28669338,2016-10-10 16:31:17.925,810211749,0x07,true,true,true,false,false,false,0,0,0,0,0,0,0,0.55,0.4472,52.4575
28669369,2016-10-10 16:31:17.958,810211782,0x07,true,true,true,false,false,false,0,0,0,0,0,0,0,0.5512,0.4472,52.3709
28669416,2016-10-10 16:31:17.991,810211815,0x04,false,false,true,false,false,false,0,0,0,0,0,0,0,0,0,0
28669432,2016-10-10 16:31:18.025,810211849,0x04,false,false,true,false,false,false,0,0,0,0,0,0,0,0,0,0
28669525,2016-10-10 16:31:18.058,810211882,0x08,false,false,false,true,false,false,0,0,0,0,0,0,0,0,0,0
28669525,2016-10-10 16:31:18.125,810211949,0x08,false,false,false,true,false,false,0,0,0,0,0,0,0,0,0,0
28669572,2016-10-10 16:31:18.158,810211982,0x08,false,false,false,true,false,false,0,0,0,0,0,0,0,0,0,0
28669603,2016-10-10 16:31:18.191,810212015,0x08,false,false,false,true,false,false,0,0,0,0,0,0,0,0,0,0
28669634,2016-10-10 16:31:18.225,810212049,0x08,false,false,false,true,false,false,0,0,0,0,0,0,0,0,0,0
28669666,2016-10-10 16:31:18.258,810212082,0x08,false,false,false,true,false,false,0,0,0,0,0,0,0,0,0,0
28669697,2016-10-10 16:31:18.291,810212115,0x08,false,false,false,true,false,false,0,0,0,0,0,0,0,0,0,0
28669728,2016-10-10 16:31:18.325,810212149,0x08,false,false,false,true,false,false,0,0,0,0,0,0,0,0,0,0
28669759,2016-10-10 16:31:18.358,810212182,0x08,false,false,false,true,false,false,0,0,0,0,0,0,0,0,0,0
28669806,2016-10-10 16:31:18.391,810212215,0x08,false,false,false,true,false,false,0,0,0,0,0,0,0,0,0,0
28669900,2016-10-10 16:31:18.425,810212249,0x08,false,false,false,true,false,false,0,0,0,0,0,0,0,0,0,0
28669900,2016-10-10 16:31:18.458,810212282,0x08,false,false,false,true,false,false,0,0,0,0,0,0,0,0,0,0
28669900,2016-10-10 16:31:18.491,810212315,0x04,false,false,true,false,false,false,0,0,0,0,0,0,0,0,0,0
28669931,2016-10-10 16:31:18.524,810212348,0x08,false,false,false,true,false,false,0,0,0,0,0,0,0,0,0,0
28669962,2016-10-10 16:31:18.557,810212381,0x08,false,false,false,true,false,false,0,0,0,0,0,0,0,0,0,0
28669993,2016-10-10 16:31:18.591,810212415,0x08,false,false,false,true,false,false,0,0,0,0,0,0,0,0,0,0
28670040,2016-10-10 16:31:18.624,810212448,0x04,false,false,true,false,false,false,0,0,0,0,0,0,0,0,0,0
28670056,2016-10-10 16:31:18.657,810212481,0x08,false,false,false,true,false,false,0,0,0,0,0,0,0,0,0,0
28670087,2016-10-10 16:31:18.691,810212515,0x08,false,false,false,true,false,false,0,0,0,0,0,0,0,0,0,0
28670134,2016-10-10 16:31:18.724,810212548,0x08,false,false,false,true,false,false,0,0,0,0,0,0,0,0,0,0
28670227,2016-10-10 16:31:18.758,810212582,0x08,false,false,false,true,false,false,0,0,0,0,0,0,0,0,0,0
28670227,2016-10-10 16:31:18.824,810212648,0x08,false,false,false,true,false,false,0,0,0,0,0,0,0,0,0,0
28670290,2016-10-10 16:31:18.858,810212682,0x04,false,false,true,false,false,false,0,0,0,0,0,0,0,0,0,0
28670290,2016-10-10 16:31:18.890,810212714,0x08,false,false,false,true,false,false,0,0,0,0,0,0,0,0,0,0
28670336,2016-10-10 16:31:18.924,810212748,0x08,false,false,false,true,false,false,0,0,0,0,0,0,0,0,0,0
28670368,2016-10-10 16:31:18.957,810212781,0x08,false,false,false,true,false,false,0,0,0,0,0,0,0,0,0,0
28670399,2016-10-10 16:31:18.991,810212815,0x08,false,false,false,true,false,false,0,0,0,0,0,0,0,0,0,0
28670430,2016-10-10 16:31:19.024,810212848,0x08,false,false,false,true,false,false,0,0,0,0,0,0,0,0,0,0
28670492,2016-10-10 16:31:19.058,810212882,0x04,false,false,true,false,false,false,0,0,0,0,0,0,0,0,0,0
28670492,2016-10-10 16:31:19.090,810212914,0x08,false,false,false,true,false,false,0,0,0,0,0,0,0,0,0,0
28670586,2016-10-10 16:31:19.124,810212948,0x08,false,false,false,true,false,false,0,0,0,0,0,0,0,0,0,0
28670586,2016-10-10 16:31:19.157,810212981,0x08,false,false,false,true,false,false,0,0,0,0,0,0,0,0,0,0
28670602,2016-10-10 16:31:19.190,810213014,0x08,false,false,false,true,false,false,0,0,0,0,0,0,0,0,0,0
28670633,2016-10-10 16:31:19.224,810213048,0x08,false,false,false,true,false,false,0,0,0,0,0,0,0,0,0,0
28670664,2016-10-10 16:31:19.257,810213081,0x08,false,false,false,true,false,false,0,0,0,0,0,0,0,0,0,0
28670695,2016-10-10 16:31:19.290,810213114,0x08,false,false,false,true,false,false,0,0,0,0,0,0,0,0,0,0
28670726,2016-10-10 16:31:19.324,810213148,0x08,false,false,false,true,false,false,0,0,0,0,0,0,0,0,0,0
28670758,2016-10-10 16:31:19.357,810213181,0x08,false,false,false,true,false,false,0,0,0,0,0,0,0,0,0,0
28670804,2016-10-10 16:31:19.390,810213214,0x08,false,false,false,true,false,false,0,0,0,0,0,0,0,0,0,0
28670836,2016-10-10 16:31:19.424,810213248,0x08,false,false,false,true,false,false,0,0,0,0,0,0,0,0,0,0
28670914,2016-10-10 16:31:19.457,810213281,0x08,false,false,false,true,false,false,0,0,0,0,0,0,0,0,0,0
28670914,2016-10-10 16:31:19.491,810213315,0x08,false,false,false,true,false,false,0,0,0,0,0,0,0,0,0,0
28670929,2016-10-10 16:31:19.523,810213347,0x08,false,false,false,true,false,false,0,0,0,0,0,0,0,0,0,0
28670960,2016-10-10 16:31:19.557,810213381,0x08,false,false,false,true,false,false,0,0,0,0,0,0,0,0,0,0
28670992,2016-10-10 16:31:19.590,810213414,0x08,false,false,false,true,false,false,0,0,0,0,0,0,0,0,0,0
28671038,2016-10-10 16:31:19.624,810213448,0x08,false,false,false,true,false,false,0,0,0,0,0,0,0,0,0,0
28671070,2016-10-10 16:31:19.657,810213481,0x08,false,false,false,true,false,false,0,0,0,0,0,0,0,0,0,0
28671101,2016-10-10 16:31:19.690,810213514,0x08,false,false,false,true,false,false,0,0,0,0,0,0,0,0,0,0
28671132,2016-10-10 16:31:19.723,810213547,0x08,false,false,false,true,false,false,0,0,0,0,0,0,0,0,0,0
28671163,2016-10-10 16:31:19.757,810213581,0x08,false,false,false,true,false,false,0,0,0,0,0,0,0,0,0,0
28671241,2016-10-10 16:31:19.790,810213614,0x08,false,false,false,true,false,false,0,0,0,0,0,0,0,0,0,0
28671241,2016-10-10 16:31:19.823,810213647,0x08,false,false,false,true,false,false,0,0,0,0,0,0,0,0,0,0
28671257,2016-10-10 16:31:19.856,810213680,0x10,false,false,false,false,true,false,0,0,0,0,0,0,0,0,0,0
28671304,2016-10-10 16:31:19.890,810213714,0x10,false,false,false,false,true,false,0,0,0,0,0,0,0,0,0,0
28671335,2016-10-10 16:31:19.923,810213747,0x07,true,true,true,false,false,false,1044.77,455.071,1044.77,455.071,0,0,0,0.5859,0.4689,23.438
28671382,2016-10-10 16:31:19.957,810213781,0x07,true,true,true,false,false,false,1053.72,619.521,1049.25,537.401,0,0,0,0.5861,0.4695,23.6939
28671397,2016-10-10 16:31:19.990,810213814,0x07,true,true,true,false,false,false,1161.49,404.426,1053.92,528.663,0.4572,0.474,22.3386,0.5863,0.4696,24.4931
28671428,2016-10-10 16:31:20.023,810213847,0x07,true,true,true,false,false,false,1215.18,485.921,1116.61,515.704,0.457,0.476,23.1733,0.5861,0.4708,24.9985
28671460,2016-10-10 16:31:20.057,810213881,0x07,true,true,true,false,false,false,1215.24,489.179,1140.53,512.333,0.4568,0.478,23.1976,0.586,0.4722,24.164
28671491,2016-10-10 16:31:20.090,810213914,0x07,true,true,true,false,false,false,1174.93,368.521,1175.06,496.005,0.4568,0.4774,21.3008,0.5858,0.4734,24.3897
28671538,2016-10-10 16:31:20.123,810213947,0x07,true,true,true,false,false,false,1188.7,484.039,1190.41,485.303,0.4562,0.4791,22.2826,0.5856,0.4747,24.4433
28671569,2016-10-10 16:31:20.156,810213980,0x07,true,true,true,false,false,false,1207.05,578.122,1220.46,502.174,0.4555,0.4805,23.5535,0.5845,0.4754,24.6631
28671600,2016-10-10 16:31:20.190,810214014,0x07,true,true,true,false,false,false,1143.78,550.157,1158.1,518.535,0.4547,0.4804,23.3341,0.5835,0.4746,23.5858
28671631,2016-10-10 16:31:20.223,810214047,0x07,true,true,true,false,false,false,1185.77,479.786,1169.72,512.36,0.4544,0.4798,22.4706,0.5835,0.4741,23.3881
28671662,2016-10-10 16:31:20.256,810214080,0x07,true,true,true,false,false,false,1165.44,463.772,1170.36,507.291,0.4547,0.4793,22.0338,0.5836,0.4736,22.6415
28671693,2016-10-10 16:31:20.290,810214114,0x07,true,true,true,false,false,false,1180.49,513.461,1167.28,505.933,0.4552,0.4787,21.3642,0.5843,0.4735,22.8522
28671725,2016-10-10 16:31:20.323,810214147,0x07,true,true,true,false,false,true,1206.17,529.294,1168.98,505.493,0.456,0.4783,20.9529,0.585,0.4733,22.5026
28671771,2016-10-10 16:31:20.356,810214180,0x07,true,true,true,false,false,true,1182.74,464.013,1159.39,506.924,0.4562,0.4775,20.1568,0.5853,0.4728,22.0712
28671803,2016-10-10 16:31:20.390,810214214,0x07,true,true,true,false,false,true,1157.42,472.829,1164.39,504.349,0.4564,0.4773,19.5072,0.5852,0.4724,21.0874
28671834,2016-10-10 16:31:20.423,810214247,0x07,true,true,true,false,false,true,1148.73,468.699,1169.86,501.599,0.4564,0.4775,20.0023,0.5851,0.4725,20.8211
28671865,2016-10-10 16:31:20.456,810214280,0x07,true,true,true,false,false,true,1159.55,520.076,1170.47,500.552,0.4563,0.4779,19.6138,0.5851,0.4727,21.1223
28671897,2016-10-10 16:31:20.489,810214313,0x07,true,true,true,false,false,true,1124.89,403.426,1179.73,497.129,0.4565,0.4777,19.0652,0.5851,0.4723,20.0832
28671927,2016-10-10 16:31:20.523,810214347,0x07,true,true,true,false,false,true,1151.55,396.043,1170.44,496.508,0.4568,0.4775,18.9126,0.5857,0.4724,20.0669
28671959,2016-10-10 16:31:20.556,810214380,0x07,true,true,true,false,false,true,1197.65,458.159,1168.09,494.738,0.4576,0.4777,18.5977,0.5862,0.4728,19.6998
28672021,2016-10-10 16:31:20.591,810214415,0x07,true,true,true,false,false,true,1167.6,370.399,1160.35,493.591,0.4583,0.4773,17.7457,0.5868,0.473,19.4671
28672021,2016-10-10 16:31:20.622,810214446,0x07,true,true,true,false,false,false,1102.13,419.863,1069.47,480.803,0.4581,0.4779,18.4851,0.5869,0.4734,19.5167
28672068,2016-10-10 16:31:20.655,810214479,0x07,true,true,true,false,false,false,1154,417.447,1157.67,456.809,0.4582,0.4781,17.5003,0.5868,0.4734,19.1171
28672099,2016-10-10 16:31:20.689,810214513,0x07,true,true,true,false,false,false,1166.56,403.721,1156.95,454.681,0.458,0.4782,17.546,0.5865,0.4732,18.7931
28672130,2016-10-10 16:31:20.723,810214547,0x07,true,true,true,false,false,false,1148.39,405.018,1155.51,452.77,0.4579,0.4782,17.6363,0.5866,0.4732,18.9941
28672161,2016-10-10 16:31:20.756,810214580,0x07,true,true,true,false,false,false,1216.66,374.662,1183.22,444.911,0.4582,0.478,17.3516,0.5868,0.4729,19.0506
28672193,2016-10-10 16:31:20.789,810214613,0x07,true,true,true,false,false,false,1214.35,453.941,1159.58,447.29,0.4584,0.4784,17.493,0.5868,0.4732,18.8912
28672225,2016-10-10 16:31:20.823,810214647,0x07,true,true,true,false,false,true,1179.31,428.646,1159.35,446.253,0.4583,0.478,16.1004,0.5869,0.4735,17.5707
28672255,2016-10-10 16:31:20.856,810214680,0x07,true,true,true,false,false,true,1061.94,326.703,1145.59,446.431,0.4582,0.478,16.4259,0.5867,0.4731,16.4117
28672302,2016-10-10 16:31:20.889,810214713,0x07,true,true,true,false,false,true,1164.93,281.843,1161.87,442.002,0.4577,0.4778,15.1988,0.5863,0.473,15.9653
28672333,2016-10-10 16:31:20.922,810214746,0x07,true,true,true,false,false,true,1170.76,352.625,1152.47,434.605,0.4574,0.4781,15.8957,0.5856,0.4731,16.3295
28672364,2016-10-10 16:31:20.956,810214780,0x07,true,true,true,false,false,true,1162.58,293.636,1140.21,426.48,0.4566,0.4777,15.4945,0.5852,0.473,16.5467
28672396,2016-10-10 16:31:20.989,810214813,0x07,true,true,true,false,false,true,1211.24,334.837,1149.2,417.89,0.4564,0.4783,15.2917,0.5849,0.4729,16.7684
28672427,2016-10-10 16:31:21.022,810214846,0x07,true,true,true,false,false,true,1012.19,377.223,1139.3,411.807,0.456,0.4784,15.0709,0.5845,0.4731,16.3329
28672458,2016-10-10 16:31:21.056,810214880,0x07,true,true,true,false,false,true,1180.12,405.625,1145,407.106,0.4563,0.4786,15.6535,0.5845,0.4733,16.615
28672490,2016-10-10 16:31:21.089,810214913,0x07,true,true,true,false,false,true,1208.96,459.567,1136.16,404.306,0.4566,0.4791,16.0506,0.5849,0.4733,16.6064
28672536,2016-10-10 16:31:21.122,810214946,0x07,true,true,true,false,false,true,1240.01,466.871,1142.87,404.262,0.4568,0.4792,15.6218,0.5852,0.4734,16.3918
28672568,2016-10-10 16:31:21.156,810214980,0x07,true,true,true,false,false,true,1197.89,369.28,1147.02,403.499,0.4566,0.4788,16.0433,0.5853,0.4733,16.6459
28672598,2016-10-10 16:31:21.189,810215013,0x07,true,true,true,false,false,true,1188.49,470.143,1151.87,403.719,0.4566,0.4794,16.3121,0.5852,0.4738,16.9973
28672629,2016-10-10 16:31:21.222,810215046,0x07,true,true,true,false,false,true,1157.7,440.043,1156.19,404.052,0.4565,0.479,16.1702,0.585,0.4741,17.7425
28672662,2016-10-10 16:31:21.255,810215079,0x07,true,true,true,false,false,true,1242.39,407.63,1161.76,404.48,0.4566,0.4792,16.3794,0.5851,0.4736,16.8619
28672692,2016-10-10 16:31:21.289,810215113,0x07,true,true,true,false,false,true,1211.86,423.684,1165.7,404.904,0.4563,0.4792,16.5568,0.5848,0.4737,16.9353
28672723,2016-10-10 16:31:21.322,810215146,0x07,true,true,true,false,false,true,1162.17,453.699,1168.29,405.56,0.456,0.4792,16.8632,0.5845,0.4737,17.3905
28672770,2016-10-10 16:31:21.355,810215179,0x07,true,true,true,false,false,true,1238.32,372.747,1169.79,405.936,0.4563,0.479,16.7736,0.5846,0.4732,16.8555
28672801,2016-10-10 16:31:21.389,810215213,0x07,true,true,true,false,false,true,1202.68,414.769,1173.34,406.331,0.456,0.4786,16.9661,0.5845,0.4738,17.9295
28672833,2016-10-10 16:31:21.422,810215246,0x07,true,true,true,false,false,true,1194.64,467.136,1177.84,406.902,0.4559,0.479,17.2632,0.5846,0.4737,17.9593
28672864,2016-10-10 16:31:21.455,810215279,0x07,true,true,true,false,false,true,1196.5,430.535,1179.54,407.685,0.4561,0.4791,17.0256,0.5845,0.4733,18.0259
28672896,2016-10-10 16:31:21.489,810215313,0x07,true,true,true,false,false,true,1193.34,443.398,1180.75,408.005,0.4561,0.4792,17.4083,0.5845,0.4734,18.0093
28672927,2016-10-10 16:31:21.522,810215346,0x07,true,true,true,false,false,true,1228.89,466.983,1185.18,408.525,0.4562,0.479,16.7124,0.5844,0.4741,18.6318
28672957,2016-10-10 16:31:21.555,810215379,0x07,true,true,true,false,false,true,1199.05,390.449,1188.68,409.117,0.4561,0.4793,17.0562,0.5844,0.4735,17.7899
28672989,2016-10-10 16:31:21.589,810215413,0x07,true,true,true,false,false,true,1205.67,515.06,1189.51,410.506,0.4561,0.4797,18.1675,0.5842,0.4743,18.9589
28673035,2016-10-10 16:31:21.622,810215446,0x07,true,true,true,false,false,true,1194.32,431.815,1192.38,411.5,0.4561,0.4794,17.3927,0.5845,0.474,18.2952
28673066,2016-10-10 16:31:21.655,810215479,0x07,true,true,true,false,false,true,1188.5,428.494,1193.58,412.744,0.4562,0.4793,17.5259,0.5846,0.474,18.4058
28673098,2016-10-10 16:31:21.689,810215513,0x07,true,true,true,false,false,true,1178.42,402.275,1196.38,413.797,0.4562,0.4794,17.6593,0.5847,0.4737,18.2178
28673129,2016-10-10 16:31:21.722,810215546,0x07,true,true,true,false,false,true,1200.98,368.94,1197.43,415.053,0.4563,0.4792,16.893,0.5847,0.4736,17.7239
28673160,2016-10-10 16:31:21.755,810215579,0x07,true,true,true,false,false,true,1166.64,395.178,1200.44,416.549,0.4561,0.4791,16.862,0.5845,0.4738,18.2733
28673191,2016-10-10 16:31:21.788,810215612,0x07,true,true,true,false,false,false,1218.15,409.31,1239.34,424.319,0.4559,0.4794,17.9614,0.5846,0.4735,18.0815
28673222,2016-10-10 16:31:21.822,810215646,0x07,true,true,true,false,false,false,1258.34,456.811,1194.09,426.621,0.456,0.4795,16.7464,0.5843,0.4738,17.8533
28673269,2016-10-10 16:31:21.855,810215679,0x07,true,true,true,false,false,false,1205.24,427.686,1197.21,427.055,0.4556,0.4793,16.2699,0.584,0.4739,17.7249
28673300,2016-10-10 16:31:21.888,810215712,0x07,true,true,true,false,false,false,1198.65,431.077,1200.04,427.319,0.4552,0.4795,16.6796,0.5838,0.4739,17.3553
28673331,2016-10-10 16:31:21.922,810215746,0x07,true,true,true,false,false,false,1189.32,422.857,1197.92,427.248,0.455,0.4796,17.0692,0.5836,0.474,17.8492
28673364,2016-10-10 16:31:21.955,810215779,0x07,true,true,true,false,false,false,1191.57,429.214,1197.81,427.109,0.4549,0.4798,16.6369,0.5834,0.4741,17.4833
28673394,2016-10-10 16:31:21.988,810215812,0x07,true,true,true,false,false,true,1270.37,410.8,1178.45,427.644,0.4551,0.4796,16.9049,0.5834,0.4742,17.3094
28673426,2016-10-10 16:31:22.022,810215846,0x07,true,true,true,false,false,true,1175.85,449.121,1180.98,427.564,0.4547,0.48,16.4596,0.5832,0.4741,17.5354
28673456,2016-10-10 16:31:22.055,810215879,0x07,true,true,true,false,false,true,1199.4,491.891,1188.26,427.776,0.4548,0.4799,16.695,0.5831,0.4744,17.5403
28673504,2016-10-10 16:31:22.088,810215912,0x07,true,true,true,false,false,true,1235.52,486.688,1183.93,428.823,0.4549,0.4801,16.6705,0.5832,0.4742,17.7671
28673535,2016-10-10 16:31:22.121,810215945,0x07,true,true,true,false,false,true,1170.63,432.758,1186.58,429.445,0.4546,0.4798,16.5542,0.5831,0.474,17.9007
28673565,2016-10-10 16:31:22.155,810215979,0x07,true,true,true,false,false,true,1237.19,367.577,1176.42,430.679,0.4548,0.4792,15.0033,0.5835,0.4741,17.3329
28673597,2016-10-10 16:31:22.188,810216012,0x07,true,true,true,false,false,true,1189.36,473.472,1177.49,431.169,0.4548,0.4801,16.2115,0.5834,0.4742,17.8834
28673628,2016-10-10 16:31:22.221,810216045,0x07,true,true,true,false,false,true,1218.15,388.769,1179.1,431.333,0.455,0.4797,15.4634,0.5835,0.4741,17.5403
28673659,2016-10-10 16:31:22.255,810216079,0x07,true,true,true,false,false,true,1210.31,447.038,1182.83,431.306,0.4549,0.4799,15.7418,0.5835,0.4745,18.1001
28673691,2016-10-10 16:31:22.288,810216112,0x07,true,true,true,false,false,true,1208.81,332.102,1181.57,431.338,0.4549,0.4794,15.494,0.5834,0.4743,17.0964
28673721,2016-10-10 16:31:22.321,810216145,0x07,true,true,true,false,false,true,1205.95,413.453,1183.52,430.905,0.4547,0.4799,15.9182,0.5833,0.4744,17.9659
28673769,2016-10-10 16:31:22.355,810216179,0x07,true,true,true,false,false,true,1181.83,389.247,1183.25,430.558,0.4545,0.4797,15.8667,0.5832,0.4743,17.6584
28673799,2016-10-10 16:31:22.388,810216212,0x07,true,true,true,false,false,true,1224.62,523.331,1184.99,430.404,0.4546,0.4804,16.5804,0.5832,0.4747,18.6714
28673831,2016-10-10 16:31:22.421,810216245,0x07,true,true,true,false,false,true,1260.61,476.152,1184.71,430.682,0.4549,0.4802,16.2816,0.5833,0.4746,18.3542
28673863,2016-10-10 16:31:22.454,810216278,0x07,true,true,true,false,false,true,1167.66,345.66,1193.84,429.349,0.4546,0.4797,15.5593,0.5832,0.4741,17.8134
28673893,2016-10-10 16:31:22.488,810216312,0x07,true,true,true,false,false,true,1256.61,447.043,1202.47,428.045,0.4546,0.4799,18.0428,0.5836,0.4747,19.3595
28673925,2016-10-10 16:31:22.521,810216345,0x07,true,true,true,false,false,true,1220.47,492.888,1203.24,428.213,0.4549,0.48,16.4441,0.5832,0.4745,18.6294
28673955,2016-10-10 16:31:22.554,810216378,0x08,false,false,false,true,false,false,0,0,0,0,0,0,0,0,0,0
28673987,2016-10-10 16:31:22.588,810216412,0x04,false,false,true,false,false,false,0,0,0,0,0,0,0,0,0,0
28674034,2016-10-10 16:31:22.621,810216445,0x04,false,false,true,false,false,false,0,0,0,0,0,0,0,0,0,0
28674065,2016-10-10 16:31:22.654,810216478,0x07,true,true,true,false,false,true,1131.55,992.704,1205.86,431.424,0,0,0,0.5832,0.475,14.7039
28674097,2016-10-10 16:31:22.688,810216512,0x07,true,true,true,false,false,true,1160.87,507.54,1202.6,435.245,0.4545,0.4793,17.6781,0.5831,0.4737,19.1846
28674128,2016-10-10 16:31:22.721,810216545,0x07,true,true,true,false,false,true,1200.86,465.216,1203.11,437.207,0.4543,0.4794,17.0489,0.5834,0.4736,18.8588
28674158,2016-10-10 16:31:22.754,810216578,0x07,true,true,true,false,false,true,1226.97,499.448,1203.04,439.938,0.4544,0.4795,18.222,0.5832,0.4738,19.0563
28674190,2016-10-10 16:31:22.788,810216612,0x07,true,true,true,false,false,true,1198.62,468.375,1204.35,441.683,0.4542,0.4795,18.3176,0.5829,0.4735,19.1887
28674221,2016-10-10 16:31:22.821,810216645,0x07,true,true,true,false,false,true,1237.88,471.306,1204.23,443.638,0.4542,0.4798,17.4409,0.5829,0.4735,18.3839
28674268,2016-10-10 16:31:22.854,810216678,0x07,true,true,true,false,false,true,1192.35,498.613,1204.36,445.681,0.454,0.4799,17.6498,0.5827,0.4739,19.6008
28674300,2016-10-10 16:31:22.887,810216711,0x07,true,true,true,false,false,true,1195.98,530.412,1204.48,447.959,0.4539,0.4801,18.1302,0.5826,0.4739,19.8815
28674330,2016-10-10 16:31:22.921,810216745,0x07,true,true,true,false,false,true,1250.79,453.466,1206.85,449.861,0.4539,0.4797,17.2119,0.5827,0.4738,19.1355
28674362,2016-10-10 16:31:22.954,810216778,0x07,true,true,true,false,false,true,138.795,995.705,1207.12,453.573,0,0,0,0.5789,0.4756,6.5504
28674392,2016-10-10 16:31:22.987,810216811,0x04,false,false,true,false,false,false,0,0,0,0,0,0,0,0,0,0
28674423,2016-10-10 16:31:23.021,810216845,0x04,false,false,true,false,false,false,0,0,0,0,0,0,0,0,0,0
28674456,2016-10-10 16:31:23.054,810216878,0x04,false,false,true,false,false,false,0,0,0,0,0,0,0,0,0,0
28674501,2016-10-10 16:31:23.087,810216911,0x07,true,true,true,false,false,true,1238.13,583.974,1207.96,461.48,0.4518,0.48,16.8581,0.5806,0.4737,17.6845
28674534,2016-10-10 16:31:23.121,810216945,0x07,true,true,true,false,false,true,1254.48,480.075,1211.11,465.454,0.4521,0.4795,17.1123,0.5808,0.4729,19.3674
28674565,2016-10-10 16:31:23.154,810216978,0x07,true,true,true,false,false,true,1217.54,484.396,1213.78,468.547,0.4522,0.4788,16.9493,0.5809,0.4726,19.049
28674595,2016-10-10 16:31:23.187,810217011,0x07,true,true,true,false,false,true,1199.48,425.925,1218.57,470.117,0.4525,0.478,16.5133,0.581,0.4717,19.2613
28674627,2016-10-10 16:31:23.221,810217045,0x07,true,true,true,false,false,true,1192.1,421.288,1212.85,473.275,0.4524,0.4775,16.8259,0.5812,0.4709,18.5211
28674657,2016-10-10 16:31:23.254,810217078,0x07,true,true,true,false,false,false,1236.35,413.406,1382.8,429.981,0.4526,0.4768,16.3499,0.5812,0.4706,18.788
28674690,2016-10-10 16:31:23.287,810217111,0x07,true,true,true,false,false,false,1217.74,475.197,1180.83,466.065,0.4523,0.4768,16.3593,0.5809,0.4707,19.1722
28674720,2016-10-10 16:31:23.320,810217144,0x07,true,true,true,false,false,false,1204.14,435.597,1198.3,457.136,0.452,0.477,16.7657,0.5808,0.4706,19.342
28674767,2016-10-10 16:31:23.354,810217178,0x07,true,true,true,false,false,false,1190.06,491.596,1184.49,456.019,0.4516,0.4778,17.4718,0.5805,0.4711,18.9634
28674799,2016-10-10 16:31:23.387,810217211,0x07,true,true,true,false,false,false,1193.77,428.852,1157.75,456.086,0.4515,0.4778,16.6807,0.5805,0.4717,19.4222
28674830,2016-10-10 16:31:23.420,810217244,0x07,true,true,true,false,false,false,1229.56,418.62,1176.83,454.461,0.4519,0.4784,17.1236,0.5807,0.4719,19.4858
28674861,2016-10-10 16:31:23.454,810217278,0x07,true,true,true,false,false,true,1363.84,422.459,1205.22,452.737,0.4521,0.4786,17.2398,0.5808,0.472,19.4742
28674892,2016-10-10 16:31:23.487,810217311,0x07,true,true,true,false,false,true,1240.34,478.119,1225.9,453.775,0.4523,0.479,18.5454,0.5812,0.4718,19.4594
28674923,2016-10-10 16:31:23.520,810217344,0x07,true,true,true,false,false,true,1202.88,491.955,1223.53,453.782,0.4525,0.4784,18.2887,0.5814,0.4717,19.6386
28674955,2016-10-10 16:31:23.554,810217378,0x07,true,true,true,false,false,true,1210.4,470.013,1221.92,454.001,0.4531,0.4782,17.8202,0.5818,0.4714,20.0112
28675002,2016-10-10 16:31:23.587,810217411,0x07,true,true,true,false,false,true,1204.52,536.269,1218.28,454.778,0.4534,0.4784,18.6747,0.5822,0.4715,19.577
28675033,2016-10-10 16:31:23.620,810217444,0x07,true,true,true,false,false,true,1183.75,456.465,1214.5,455.224,0.4533,0.4781,18.734,0.5824,0.4714,19.2107
28675064,2016-10-10 16:31:23.653,810217477,0x07,true,true,true,false,false,true,1187.67,451.86,1212.29,455.689,0.4535,0.478,18.1124,0.5826,0.4714,19.2227
28675095,2016-10-10 16:31:23.687,810217511,0x07,true,true,true,false,false,true,1233.87,428.846,1212.87,456.224,0.4537,0.4777,17.5577,0.5826,0.4718,19.3539
28675126,2016-10-10 16:31:23.720,810217544,0x07,true,true,true,false,false,true,1219.97,486.882,1213.01,456.831,0.4534,0.4782,18.4267,0.5822,0.4721,19.8657
28675158,2016-10-10 16:31:23.753,810217577,0x07,true,true,true,false,false,true,1248.87,473.99,1214.2,457.564,0.4529,0.4783,17.3581,0.5818,0.4721,19.7155
28675188,2016-10-10 16:31:23.787,810217611,0x07,true,true,true,false,false,true,1248.15,485.903,1215.67,458.369,0.4523,0.4783,18.2633,0.581,0.472,19.7313
28675236,2016-10-10 16:31:23.821,810217645,0x07,true,true,true,false,false,true,1202.63,439.77,1214.11,458.736,0.4517,0.4782,18.0707,0.5809,0.4717,19.4354
28675266,2016-10-10 16:31:23.854,810217678,0x07,true,true,true,false,false,true,1175.66,488.044,1214.91,459.392,0.4517,0.4785,19.0479,0.5807,0.4719,19.9144
28675297,2016-10-10 16:31:23.888,810217712,0x07,true,true,true,false,false,true,1219.66,471.057,1216.29,460.03,0.452,0.4781,17.6108,0.5807,0.4719,19.5074
28675329,2016-10-10 16:31:23.921,810217745,0x07,true,true,true,false,false,true,1174.05,417.961,1223.64,460.567,0.4519,0.4778,17.9279,0.5807,0.4713,19.5783
28675359,2016-10-10 16:31:23.954,810217778,0x07,true,true,true,false,false,true,1183.08,430.831,1224.26,460.797,0.4519,0.478,19.1767,0.5809,0.471,20.0189
28675392,2016-10-10 16:31:23.988,810217812,0x07,true,true,true,false,false,true,1235.96,529.834,1224.65,461.261,0.4524,0.4785,19.5431,0.5812,0.4717,20.3186
28675423,2016-10-10 16:31:24.021,810217845,0x07,true,true,true,false,false,true,1184.96,492.483,1223.42,461.75,0.4524,0.4782,19.1339,0.5813,0.4717,20.2339
28675453,2016-10-10 16:31:24.054,810217878,0x07,true,true,true,false,false,true,1176.58,485.207,1221.11,462.216,0.4526,0.4785,19.5928,0.5816,0.4714,20.3939
28675501,2016-10-10 16:31:24.087,810217911,0x07,true,true,true,false,false,true,1239.99,497.281,1220.39,462.862,0.453,0.4785,19.708,0.5819,0.4715,20.7971

